[{
    "id": 0,
    "name": "Professor",
    "email": "professor@prototype.com",
    "username": "professor",
    "password": "password",
    "user_type": "admin",
    "picture": "/static/images/avatar.png",
    "failed_attempts": 0,
    "successful_attempts": 0,
    "score": 0,
    "achievements": 0,
    "auth": false
},
{
    "id": 1,
    "name": "Student",
    "email": "student@prototype.com",
    "username": "student",
    "password": "password",
    "user_type": "player",
    "picture": "/static/images/avatar.png",
    "failed_attempts": 0,
    "successful_attempts": 0,
    "score": 0,
    "achievements": 0,
    "auth": false
}]