[{
    "id": 0,
    "name": "Professor",
    "email": "professor@prototype.com",
    "username": "professor",
    "password": "password",
    "user_type": "admin",
    "picture": "/static/images/avatar.png",
    "failed_attempts": 0,
    "successful_attempts": 0,
    "score": 0,
    "achievements": 0,
    "auth": false
},
{
    "id": 0,
    "name": "Student 1",
    "email": "student1@prototype.com",
    "username": "student1",
    "password": "password",
    "user_type": "player",
    "picture": "/static/images/avatar.png",
    "failed_attempts": 0,
    "successful_attempts": 0,
    "score": 0,
    "achievements": 0,
    "auth": false
},
{
    "id": 0,
    "name": "Student 2",
    "email": "student2@prototype.com",
    "username": "student2",
    "password": "password",
    "user_type": "player",
    "picture": "/static/images/avatar.png",
    "failed_attempts": 0,
    "successful_attempts": 0,
    "score": 0,
    "achievements": 0,
    "auth": false
},
{
    "id": 0,
    "name": "Student 3",
    "email": "student3@prototype.com",
    "username": "student3",
    "password": "password",
    "user_type": "player",
    "picture": "/static/images/avatar.png",
    "failed_attempts": 0,
    "successful_attempts": 0,
    "score": 0,
    "achievements": 0,
    "auth": false
}
]
